12	CCCACACCAACACACCAABE
13	CCCACCACACCACACACAAABE
14	CCCCACCACACACACACAACAAAE
15	CCCACACCACCACACACCACAABABE
16	CCCACACCAACACACCAACACACCAABE
16	CCCACCACACCACACACAACACAACAAE
16	CCCCACCACACCACACACACAACAAAAE
18	CCCACACCACCACACACCACAACADECACAAE
19	CCCACCACACCACACACACACCACAACACAAABE
19	CCCACCCACCACCACACACACAACAACAACAAAE
20	CCCACACCAACACACCAACACACCAACACACCAABE
20	CCCACCCACCACCACAACCACACDECACAAACADEE
20	CCCCACCACCACACCACACCAACAACACAAACAAAE
21	CCCACACCACCACACACCACAACACACACCACAABABE
21	CCCACCCACCACCACACACCACAACAACACAACAAAAE
21	CCCACCCACCACCACACCAACAACACACAACCAAABAE
22	CCCACCACACCACACACACACCACAACACAACACAACAAE
22	CCCACCACACCACACCACACACCACACACACACAAABABE
22	CCCACCACCACCACACCACACCACACACACAADECAAAAE
22	CCCCACCACACCACACACACAACCACACACACAACAAAAE
23	CCCACCACCACCACACCACACCACACACACAACAAACAAAAE
23	CCCACCCACCACCACAACCACACCAACCACAAACACADEABE
24	CCCACACCAACACACCAACACACCAACACACCAACACACCAABE
24	CCCACACCACCACACACCACAACACACACCACAACADECACAAE
24	CCCACACCACCACACACCACACCACACACACCACACAABABABE
24	CCCACCACCACCACACCACACCACACACACACACAAACAAADEE
24	CCCACCCACCACCACACCACACACACACACAACAACACAAABAE
24	CCCCACCACACCACACACACAACCACACACACAACACAACAAAE
24	CCCCACCACACCACACACACAACCACACACACAACCAACAADEE
24	CCCCACCACCACACCACACACACCAACACCACAACACADBEABE
25	CCCACCACACCACACACACACCACAACACACACCACAACACAAABE
25	CCCACCCACCACCACACACACACAACCACACACACACAAACADEAE
25	CCCACCCACCACCACACCAACAACACCACACACCAAACACAAAABE
25	CCCACCCACCACCACACCACACACCACACACACACAAAABCAAAAE
26	CCCACCCACCACCACACACCAACCAACCACACACACAACAAACADEAE
26	CCCACCCACCACCACACACCACACCAACCACACAACACACADEABABE
26	CCCACCCACCACCACACCAACACACACCACAACCAACAACAADECAAE
26	CCCACCCACCACCACACCAACACCACAACACACCAABACCACAABABE
26	CCCACCCACCACCACACCACACACCACACACACACAAACAACAAAABE
26	CCCCACCACACACCACACACACAACCACACACACAACACACAACAAAE
26	CCCCACCACCACACCACACACACCACAACCACACAACACCADEABABE
26	CCCCACCACCACACCACACCAACAACACCACACACCAAACACAAAABE
27	CCCACACCACCACACACCACAACACACACCACAACACACACCACAABABE
27	CCCACCACACCACACCACACACCACACACACACAACACACAACACAAABE
27	CCCACCCACCACCACACCAACAACACCACACACCAAACACACAACADEAE
27	CCCACCCACCACCACACCACACACCACACACACACCAAACAACAAADEBE
27	CCCCACCACACCACACACCACACACCACACACACACACAACAACAAAABE
28	CCCACACCAACACACCAACACACCAACACACCAACACACCAACACACCAABE
28	CCCACCACACCACACACACACCACAACACACACCACAACACAACACAACAAE
28	CCCACCCACCACCACAACCACACCAACCACAACACACACDECACAAACADEE
28	CCCACCCACCACCACACACCACACCAACCACACACAACACAAACCAAABAAE
28	CCCCACCACACCACACACACAACCACACACACAACCACACACACAACAAAAE
28	CCCCACCACACCACCACACCACACACACACACACACACAACACAAACAAAAE
28	CCCCACCACCACACCACACCACACCACACACAAACCACAACAACADECAAAE
29	CCCACACCACCACACACCACACCACACACACCACACAACACADECACACAABAE
29	CCCACCACCACCACACCACACACACCACAACCACACACACACCACAABABABAE
29	CCCACCCACCACCACAACCACACCACACCACAACCACACAACACAACAABBABE
29	CCCACCCACCACCACACACCACACACACCACACACACCAACAACAACADEABBE
29	CCCACCCACCACCACACCAACACACACCACAACCAACAACACACAACCAAABAE
29	CCCCACCACACACCACACCACACACACCACACACACACACAACACACAAABABE
30	CCCACACCACCACACACCACAACACACACCACAACACACACCACAACADECACAAE
30	CCCACCACACCACACCACACACCACACACACACAACACACAACACAACACAACAAE
30	CCCACCACACCACACCACACACCACACACACACACACCACACAACACACAAABABE
30	CCCACCACCACACACCACACCACACACACCACACACCACACACACAACADEDEABE
30	CCCACCCACCACCACACACACACCACACCACACACACACACDEACACADEACADEE
30	CCCCACCACACCACACACACAACCACACACACAACCACACACACAACACAACAAAE
30	CCCCACCACACCACCACACCACACACCACACACACACACACAACACAAACAAADEE
31	CCCACCACACCACACACACACCACAACACACACCACAACACACACCACAACACAAABE
31	CCCACCACCACACACCACACCACACACACCACACACCACACACACAACACAAAABABE
31	CCCACCACCACCACACCACACCACACCACACACAACACACACAACACACAAACADEAE
31	CCCACCCACCACCACAACCACACCAACCACAACACACACCAACCACAAACACADEABE
31	CCCACCCACCACCACACCAACAACACCACACACCAAACACCACACACACDEACAAAAE
31	CCCACCCACCACCACACCACACACACACCACACACCAACACAACAACADECAACAAAE
31	CCCCACCACACCACACACCACACACCACACACACCAACACACCACAAACACDEAABAE
32	CCCACACCAACACACCAACACACCAACACACCAACACACCAACACACCAACACACCAABE
32	CCCACACCACCACACACCACACCACACACACCACACAACACACACACCACACAABABABE
32	CCCACACCACCACACACCACACCACACACACCACACAACACADECACACAACAACACAAE
32	CCCACCACCACACACCACACCACACACACCACACACCACACACACACACACAAAABABAE
32	CCCCACCACACCACACACACACACCACACACACACAACCACACAACACAACCAACAADEE
32	CCCCACCACACCACACACACACACCACACACACACACACCACACAACACACAACAADEAE
32	CCCCACCACCACACCACACACACCAACACCACAACACACCAACACCACAACACADBEABE
32	CCCCACCACCACACCACACCAACAACACCACACACCAAACACCACACACACDEACAAAAE
32	CCCCACCACCACCACCACACCACACAACCACACCAAACCACACAACACACADEACADEAE
33	CCCACACCACCACACACCACAACACACACCACAACACACACCACAACACACACCACAABABE
33	CCCACCACACCACACCACACACCACACACCACACACACCACACACACACACACAAABABABE
33	CCCACCACCACCACACCACACCACACACACACCACACACCAACACAACAACADECAACAAAE
33	CCCACCCACCACCACACACCACACCAACCACACAACCACACACDECACACAAACACADEABE
33	CCCACCCACCACCACACCAACAACACCACACACCAAACACCACACACACDEACACAACAAAE
33	CCCACCCACCACCACACCAACAACACCACACACCAAACACCACACACACDEACCAACAADEE
33	CCCCACCACCACCACCACACCACACAACCACACACACACACACAACCAACAACAACAAABBE
34	CCCACCACACCACACACACACCACAACACACACCACAACACACACCACAACACAACACAACAAE
34	CCCACCCACCACCACACACCACACCACACCACACAACCAACACACACACACAAACCAAAABAAE
34	CCCACCCACCACCACACACCACACCACACCACACAACCACACAACACAACACAACCAAAABAAE
34	CCCACCCACCACCACACCAACACACACCACAACCAACACACACCACAACCAACAACAADECAAE
34	CCCACCCACCACCACACCAACACCACAACACACCAACACCACAACACACCAABACCACAABABE
34	CCCACCCACCACCACACCACACACACACCACACACCAACACACACACACADECAACACAAABAE
34	CCCCACCACACACCACACACACACACCACACACACACAACCACACAACACAACACACAACAAAE
34	CCCCACCACACACCACACACACACACCACACACACACACACCACACAACACACAACACADEABE
34	CCCCACCACACCACACACACAACCACACACACAACCACACACACAACCACACACACAACAAAAE
34	CCCCACCACCACACCACACCACACACACACCACACACACACACACAACACACAACAACAAAABE
35	CCCACACCACCACACACCACACCACACACACCACACACCACACACACACCACACACAABABABABE
35	CCCACCACACCACACCACACACCACACACACACACACCACACAACACACAACACACAACACAAABE
35	CCCACCACCACCACACCACACCACACACACACCACACACCAACACACACACACADECAACAADEAE
35	CCCACCACCACCACACCACACCACACACACACCACACACCACACACACACAACADECAAACAAAAE
35	CCCACCACCACCACACCACACCACACCACACACCAACACCACACAACACACACDEABCACADEABE
35	CCCACCCACCACCACACACACACCACACCACACACACACACDEACCACACAACACACAAACADEAE
35	CCCACCCACCACCACACACCACACCACACCACACACACACACAACACAACACAACACAAACAAAAE
35	CCCACCCACCACCACACCACCACACCACACCACACACAACACACACAAACACACAAACACADEABE
35	CCCCACCACCACACCACACCACACCACACACCACACACACAACCAACAACACACAACAACAAAABE
35	CCCCACCACCACCACCACACCACACACACACACACACACACACACAACACAACAACAACAACAAAE
36	CCCACACCAACACACCAACACACCAACACACCAACACACCAACACACCAACACACCAACACACCAABE
36	CCCACACCACCACACACCACAACACACACCACAACACACACCACAACACACACCACAACADECACAAE
36	CCCACCACCACCACACCACACCACACACACACCACACACCACACACACACAACACAAACAACAAAABE
36	CCCACCCACCACCACAACCACACCAACCACAACACACACCAACCACAACACACACDECACAAACADEE
36	CCCACCCACCACCACACACCACACCAACCACACAACCACACACCAACCACACAAACACACADEABABE
36	CCCACCCACCACCACACACCACACCAACCACACACACCAAACCAACCACACACAACDEDECAACAAAE
36	CCCACCCACCACCACACCACACACACACCACACACCAACACAACACACACAACCAACAACAADECAAE
36	CCCCACCACACCACACACACAACCACACACACAACCACACACACAACCACACACACAACACAACAAAE
36	CCCCACCACACCACACACACAACCACACACACAACCACACACACAACCACACACACAACCAACAADEE
36	CCCCACCACCACACCACACCACACCACACACAAACCACACACCACACADECACACAACAACAACAAAE
36	CCCCACCACCACCACCACACCACACCACACACACACACACACAACACAACACAACAACAACAACAAAE
37	CCCACACCACCACACACCACACCACACACACCACACAACACACACACCACACAACACADECACACAABAE
37	CCCACCACACCACACACACACCACAACACACACCACAACACACACCACAACACACACCACAACACAAABE
37	CCCACCACCACCACACCACACCACACACACACCACACACCACACACACACACACACAAACAACAADEABE
37	CCCACCACCACCACACCACACCACACCACACACCACACACCACAACACACACAACACAAACAACAAAABE
37	CCCACCCACCACCACACACCACACCACACCACACACACCACACAACACAACACACAACACAAACAAADEE
37	CCCACCCACCACCACACCAACAACACCACACACCAAACACCACACACACDEACCACACACACAACAAAAE
37	CCCACCCACCACCACACCAACACACACCACAACCAACACACACCACAACCAACAACACACAACCAAABAE
37	CCCACCCACCACCACACCACACACACACCACACACCACACACACACACACACAACAACACACAAABABAE
37	CCCACCCACCACCACACCACACACCACACCACACACCAACACACCAACACACADECAACAACAAACAAAE
37	CCCCACCACACCACCACACCACACACACACCACAACCACACACACACACCACAACACACACAAABABABE
37	CCCCACCACACCACCACACCACACACCACACCACACACCACACACACACAACAACAACAACAAACAAAAE
37	CCCCACCACCACACCACACCAACCACACACCACACACCAACCACACAACACACACADECACACAAABABE
37	CCCCACCACCACCACCACACCACACACACACACACAACCACACACACACACACAACACACAAACAADEAE
37	CCCCACCACCACCACCACACCACACCACACACACACACACACAACACAACACACAACACAACAACAAAAE
38	CCCACCACACCACACCACACACCACACACACACACACCACACAACACACAACACACAACACAACACAACAAE
38	CCCACCACACCACACCACACACCACACACACACACACCACACAACACACACACCACACAACACACAAABABE
38	CCCACCACCACCACACCACACCACACACACACCACACACCACACACACACACACACAAACACAACADEADEE
38	CCCACCACCACCACACCACACCACACCACACACCAACACCACACAACACACACCAACACCACADEABABABE
38	CCCACCACCACCACACCACACCACACCACACACCACACACACACAACACAACCACACACACADEAABCADEE
38	CCCACCACCACCACACCACACCACACCACACACCACACACCACAACCAACACACACACAAACAACAADEABE
38	CCCACCACCACCACACCACACCACACCACACACCACACACCACAACCACACACAACACAAACAACDEAAABE
38	CCCACCACCACCACACCACACCACACCACACACCACACACCACACACACACACAACADECAACAAACAAAAE
38	CCCACCCACCACCACACACCACACCAACCACACAACCACACACDECACACAACACACACAACACAAACADEE
38	CCCACCCACCACCACACACCACACCACACCACACAACCACACACACACACACACAACCACAAABABACAAAE
38	CCCACCCACCACCACACACCACACCACACCACACACACCACACAACACAACACACAACACAAACAACAAABE
38	CCCACCCACCACCACACCACACACACACACACACCACACACACACACACACACCAACAACAACAADECAAAE
38	CCCACCCACCACCACACCACCACACCACACCACACACCACAACACAACACAACADECACAACAACAAACAAE
38	CCCCACCACCACACCACACCAACAACACCACACACCAAACACCACACACACDEACCACACACACAACAAAAE
38	CCCCACCACCACCACCACACCACACAACCACACACACACACACAACCAACACACACACAAACCAACAAADEE
38	CCCCACCACCACCACCACACCACACACACCAACCACAACCACACACACACAACACAACACACAAACAADEAE
38	CCCCACCACCACCACCACACCACACACACCACACAACACCACAACACACCACACAACACCACAAABABABAE
38	CCCCACCCACCACCACCACACACCAACCAACCAACCACACACACAACCAACAACACACAACAACCAAABAAE
39	CCCACACCACCACACACCACAACACACACCACAACACACACCACAACACACACCACAACACACACCACAABABE
39	CCCACCACCACACACCACACCACACACACCACACACACACACAACCACACACACACACAACCACAABABACAAE
39	CCCACCACCACCACACCACACCACACCACACACCACACACCACAACCACACACAACACAAACAACCAAABAABE
39	CCCACCACCACCACACCACACCACACCACACACCACACACCACAACCACACACACACACAAACAACDEADEABE
39	CCCACCACCACCACACCACACCACACCACACACCACACACCACACACACACACAACACAAACACAAACAAADEE
39	CCCACCCACCACCACAACCACACCAACCACAACACACACCAACCACAACACACACCAACCACAAACACADEABE
39	CCCACCCACCACCACACACCACACACACCACACACACCAACACACACCACACAACACCAACAACAACADEABBE
39	CCCACCCACCACCACACACCACACCAACCACACACACCACACACCAACCACACACAACACACACADEABABABE
39	CCCACCCACCACCACACCAACAACACCACACACCAAACACCACACACACDEACCACACACACAACACAACAAAE
39	CCCACCCACCACCACACCAACACCACACCACACACCAACACCACACAACACACACCAABACCACACAABABABE
39	CCCACCCACCACCACACCACACACACACCACACACCAACACAACACACACAACCAACAACACACAACCAAABAE
39	CCCACCCACCACCACACCACCACACCACACCACACACACACACACACACAACACACAACAACACACAAABABAE
39	CCCCACCACACCACCACACCACACACCACACACACACACACAACCACACACACACACACAACCAAACAAADAEE
39	CCCCACCACCACCACCACACCACACCACACACACACACACCAACACCACAACACAACACACDEACAAACAAAAE
40	CCCACACCAACACACCAACACACCAACACACCAACACACCAACACACCAACACACCAACACACCAACACACCAABE
40	CCCACACCACCACACACCACACCACACACACCACACAACACACACACCACACAACACACACACCACACAABABABE
40	CCCACACCACCACACACCACACCACACACACCACACAACACACACACCACACAACACADECACACAACAACACAAE
40	CCCACCACACCACACACACACCACAACACACACCACAACACACACCACAACACACACCACAACACAACACAACAAE
40	CCCACCACACCACACCACACACCACACACCACACACACCACACACACACACACAACACACACAACACACAAABABE
40	CCCACCACCACCACACCACACCACACCACACACCACACACCACACACACACACACACACAAACACAAACADEADEE
40	CCCACCCACCACCACACACACACCACACCACACACACACACCAACACCACACAACACACACDEACACADEACADEE
40	CCCACCCACCACCACACACCACACCAACCACACAACCACACACDECACACAACACACACAACACAACACACAABAE
40	CCCACCCACCACCACACCACACACACACCACACACCACACACACACACCACACACACDEACADEACCAACAADAEE
40	CCCACCCACCACCACACCACACACCACACACACACCACACACACCACACACACACACAACAAACCAAACAAADAEE
40	CCCACCCACCACCACACCACCACACCACACCACACACAACCACACAACACAACACACAACCAACAACAACAAABBE
40	CCCCACCACACCACACACACAACCACACACACAACCACACACACAACCACACACACAACCACACACACAACAAAAE
40	CCCCACCACACCACACACACACACCACACACACACACACCACACAACACACAACCACACAACACAACCAACAADEE
40	CCCCACCACACCACACACACACACCACACACACACACACCACACAACACACACACCACACAACACACAACAADEAE
40	CCCCACCACACCACACACCACACACCACACACACCACACACACCACACACACACACACACAACAACACAAAABABE
40	CCCCACCACACCACCACACCACACACCACACACACACACACACACACACACACACACACAACACAACAAACAAAAE
40	CCCCACCACACCACCACACCACACACCACACCACACACCACACACACCAACACACAACACACAACAACDEADEABE
40	CCCCACCACCACACCACACACACCAACACCACAACACACCAACACCACAACACACCAACACCACAACACADBEABE
40	CCCCACCACCACACCACACCACACCACACACACACACACAACCACACAACACACACAACCACACAACACADEAABE
40	CCCCACCACCACCACCACACCACACAACCACACACACACACACAACCACACACACACACACAACCAAACAAADAEE
40	CCCCACCACCACCACCACACCACACACACCACACCACAACCACACAACACACACACADECACACAAACACADEABE
40	CCCCACCACCACCACCACACCACACCACACACACACACACCAACACCACAACACAACACACAAACCAAACAAADEE
41	CCCACCACCACCACACCACACCACACCACACACAACACCACACACCACACACAACAACACACAACACACAAACADEAE
41	CCCACCCACCACCACAACCACACCACACCACAACCACACACACACACACAACCACACACACACACACAACDEADEABE
41	CCCACCCACCACCACACACCAACCACACCACACACACAACCACACACACACACACAACCAACACACACAACAADBEAE
41	CCCACCCACCACCACACACCACACACACACACACACCACACACACACACACAACCACACACAACACACAAACAADEAE
41	CCCACCCACCACCACACACCACACCAACCACACAACCACACACDECACACAACACACACAACACAACACACAACAAAE
41	CCCACCCACCACCACACACCACACCACACCACACACACCACAACCACACACCAACADECACAACCADEABCAAACAAE
41	CCCACCCACCACCACACCACACACACACCACACACCAACACACACACCACACAACCAACACAACAACADECAACAAAE
41	CCCACCCACCACCACACCACACACACACCACACACCACACACACACACACACACACCAACAACACAAACADECAAABE
41	CCCACCCACCACCACACCACACACCACACACACACCACACACACCACACACACACACAACAACAACAACAAACAAAAE
41	CCCACCCACCACCACACCACACACCACACCACACACACACAACCACACACCACACACACACAACADEACCADEAABAE
41	CCCACCCACCACCACACCACACACCACACCACACACCAACACACACACACCACADECAACACACACAACACAAAABAE
41	CCCACCCACCACCACACCACCACACCACACCACACACACACACACACACAACCACACACAACACACACADEABABABE
41	CCCACCCACCACCACACCACCACACCACACCACACACACACCACACACCACAACCACACACAAABCAACAADBAEABE
41	CCCCACCACCACACCACACCACACCACACACACAACCACACACCACACACACAACCACACAACAACACADEACAAAAE
41	CCCCACCACCACCACCACACCACACACACACACCACAACCACACACACACAACCACAACACACACAACAACADEAABE
41	CCCCACCACCACCACCACACCACACCACACACACACACACACAACCAACACACACACACACAACCAACAACAAADEBE
42	CCCACACCACCACACACCACAACACACACCACAACACACACCACAACACACACCACAACACACACCACAACADECACAAE
42	CCCACACCACCACACACCACACCACACACACCACACACCACACACACACCACACACAACACACADECACACACAABABAE
42	CCCACCACCACACACCACACCACACACACCACACACCACACACACACACACAACCAACACAACACACAACCAACAADAEE
42	CCCACCACCACACACCACACCACACACACCACACACCACACACACACACACAACCACACACACACACACAAACADEADEE
42	CCCACCCACCACCACAACCACACCACACCACAACCACACACACACACACAACCACACAACACACAAACCAACAACADEAE
42	CCCACCCACCACCACAACCACACCACACCACAACCACACACCACACACCACAACCACACACAACACACAACAABBABABE
42	CCCACCCACCACCACACCAACACACACCACAACCAACACACACCACAACCAACACACACCACAACCAACAACAADECAAE
42	CCCACCCACCACCACACCAACACCACAACACACCAACACCACAACACACCAACACCACAACACACCAABACCACAABABE
42	CCCACCCACCACCACACCACACACACACCACACACCACACACACACACCAAACACCACACAACACACACDEABCAADEAE
42	CCCACCCACCACCACACCACACACCACACACACACCACACACACACACACACAACCAACAACACACACACAABCAAADEE
42	CCCACCCACCACCACACCACACACCACACACACACCACACACACCACACACACACACCAACAACAACAACAADECAAAAE
42	CCCACCCACCACCACACCACACACCACACCACACACCAACACACAACACCACACAACCAACACAACAACADECAACAAAE
42	CCCACCCACCACCACACCACCACACCACACCACACAACACCACACACCADECACACAACAACACACAAACACAAACADEE
42	CCCACCCACCACCACACCACCACACCACACCACACACACACACACAACACAACACACACAACACAACAACAACAACAAAE
42	CCCACCCACCACCACACCACCACACCACACCACACACACACACACACACAACACACAACAACACACAAACACAAACADEE
42	CCCACCCACCACCACACCACCACACCACACCACACACACACACACACACAACACACAACACAACAACAACACAACAAAAE
42	CCCCACCACACACCACACACACACACCACACACACACACACCACACAACACACAACCACACAACACAACACACAACAAAE
42	CCCCACCACACACCACACACACACACCACACACACACACACCACACAACACACACACCACACAACACACAACACADEABE
42	CCCCACCACACACCACACCACACACACCACACACCACACACACACCACACACACACACACACAACACACACAAABABABE
42	CCCCACCACACCACACACACAACCACACACACAACCACACACACAACCACACACACAACCACACACACAACACAACAAAE
42	CCCCACCACACCACACACCACACACCACACACACACACAACCACACACACACACAACCAACACAACACAACCAACAADEE
42	CCCCACCACACCACCACACCACACACCACACACACACACACAACCACACACACACACACAACACACAACACAACAAADEE
42	CCCCACCACACCACCACACCACACACCACACACACACACACACACCACACACACACACACACAACACAACAAACAADEAE
42	CCCCACCACCACACCACACCAACCACACACCACACACCAACCACACAACACACACADECACACAACACACAACACAAABE
42	CCCCACCACCACCACCACACCACACCACACACACACACACACAACCACACACACACACACACAACCAAACAACAAADEBE
42	CCCCACCACCACCACCACACCACACCACACACACCACACACCACAACACAACACACAACAACACAACAACACAAACAAAE
43	CCCACACCACCACACACCACACCACACACACCACACACACACACAACCACACACACACACAACACACACAACACAAACADEE
43	CCCACCACACCACACACACACCACAACACACACCACAACACACACCACAACACACACCACAACACACACCACAACACAAABE
43	CCCACCACACCACACCACACACCACACACACACACACCACACAACACACACACCACACAACACACAACACACAACACAAABE
43	CCCACCACACCACACCACACACCACACACCACACACACCACACACACACACACACACCACACACAACACACACAAABABABE
43	CCCACCACCACACACCACACCACACACACCACACACCACACACACACACACAACACACACACAACACAACACAACAACAAAE
43	CCCACCACCACACACCACACCACACACACCACACACCACACACACACCACACACACCACACACACACAACACADEDEABABE
43	CCCACCACCACCACACCACACCACACCACACACACAACCACACACCACACACACAACCACACACAACACACADEACAADEAE
43	CCCACCACCACCACACCACACCACACCACACACCACACACCAACACCACACACACACACAACCAACAACACADEACAADBEE
43	CCCACCCACCACCACAACCACACCACACCACAACCACACACACACACACAACCACACACACACACACAACACAAACAAADEE
43	CCCACCCACCACCACACACACACCACACCACACACACACACCAACACACACACACACACACCAACACAAACACAACAAADEE
43	CCCACCCACCACCACACACCACACCAACCACACAACCACACACCAACCACACAACACACACACDECACACAAACACADEABE
43	CCCACCCACCACCACACACCACACCAACCACACACACCACACACCAACCACACACACAACACACAAACACAACAAACADEAE
43	CCCACCCACCACCACACCAACAACACCACACACCAAACACCACACACACDEACCACACACACAACCACACACACAACAAAAE
43	CCCACCCACCACCACACCAACACCACACACACACCAACACCACACACACACACDEACCACACAACACADECACACAACAAAE
43	CCCACCCACCACCACACCACACACCACACCACACACACACACACACACAACACACACACACACACACAACAACACAAABABE
43	CCCACCCACCACCACACCACACACCACACCACACACCACACACACCACACACACACACACAACAAACCAACAAACAADAEAE
43	CCCACCCACCACCACACCACCACACCACACCACACACACACACACACACAACACACAACACACAACACAACACAACADEAAE
43	CCCACCCACCACCACACCACCACACCACACCACACACACACCACACACACACACCACACAACACACCACAAAABABAABABE
43	CCCACCCACCACCACACCACCACACCACACCACACACCACAACACAACACACACACAACCACAACAACACAADECACAAABE
43	CCCCACCACACCACCACACCACACACCACACACACACACACAACCACACACACACACACAACACACAACACAACAACAAAAE
43	CCCCACCACACCACCACACCACACACCACACACACACACACACACCACAACACACAACACAACCACAACACAACAACAAAAE
43	CCCCACCACACCACCACACCACACACCACACACACACCACACACACACACACACACACACACAACACAACAACAAACAAAAE
43	CCCCACCACCACCACCACACCACACAACCACACACACACCACACAACCAACACACACACACACAACCAACAACAACAAABBE
44	CCCACACCAACACACCAACACACCAACACACCAACACACCAACACACCAACACACCAACACACCAACACACCAACACACCAABE
44	CCCACCACCACACACCACACCACACACACCACACACCACACACACACACACAACCACACACACACACACAACCAAACAAADAEE
44	CCCACCACCACACACCACACCACACACACCACACACCACACACACACCACACACACCACACACACACAACACACAAAABABABE
44	CCCACCACCACCACACCACACCACACACACACCACACACCACACACACACACACACAACCAACACACAACACACAACDEADEAE
44	CCCACCACCACCACACCACACCACACACACACCACACACCACACACACACACACACAACCACACACACACACAADECADEADEE
44	CCCACCACCACCACACCACACCACACCACACACCACACACCACACACACACACACACACAACAACACACACAAACACAAAABAE
44	CCCACCCACCACCACAACCACACCAACCACAACACACACCAACCACAACACACACCAACCACAACACACACDECACAAACADEE
44	CCCACCCACCACCACACACCAACCAACCACACACACCAACCAACCACACACACACDECAACCACACACACACACAAACAAADEE
44	CCCACCCACCACCACACACCACACCACACCACACACACACACACCACACACACACACACAACACAACACAACAACACAAAABAE
44	CCCACCCACCACCACACACCACACCACACCACACACACCAACACACACACACAACACACCAACACACACACAACAACDEAAABE
44	CCCACCCACCACCACACCAACACCACACCACACACCAACACCACACAACACACACCAABACCACACAACACADECACACAABAE
44	CCCACCCACCACCACACCACACACACACCACACACCAACACACACACCACACAACCAACACACACACACADECAACACAAABAE
44	CCCACCCACCACCACACCACACACACACCACACACCACACACACACACACACACACCAACACACACACAACADECAACADEAAE
44	CCCACCCACCACCACACCACACACCACACCACACACCACACACACACACAACACAACCACAACACACACAACAACCAAAABABE
44	CCCACCCACCACCACACCACACACCACACCACACACCACACACACACACAACACAACCACAACACACACAACAACCADEABABE
44	CCCACCCACCACCACACCACACACCACACCACACACCACACACACCACACACACACACACAACAACAACACAAACAACAAAABE
44	CCCACCCACCACCACACCACCACACCACACCACACAACACCACACACDEACCACACAACACCACACACAABCACADAEACADEE
44	CCCACCCACCACCACACCACCACACCACACCACACACAACCACACACACACACACACACAACCAACAACACACAACAAADBAEE
44	CCCACCCACCACCACACCACCACACCACACCACACACAACCACACACCAAACCACACACAACACACACADEACACADEACADEE
44	CCCACCCACCACCACACCACCACACCACACCACACACACACACACAACACACACACAACACACACAACACAACAACACAAABAE
44	CCCACCCACCACCACACCACCACACCACACCACACACACACACACACACAACACACAACACACACACACAACACAAACAAADEE
44	CCCACCCACCACCACACCACCACACCACACCACACACACACCACACAACACACACACAAACACCACACAACACAADEABCAAAE
44	CCCACCCACCACCACACCACCACACCACACCACACACACACCACACACACACACCACAACACAACCAACAAACAADCAAAAEAE
44	CCCACCCACCACCACACCACCACACCACACCACACACCACAACACAACACACACACAACCACAACAACACACAAACACAAABAE
44	CCCCACCACACACCACACCACACACACCACACACACACACAACCACACACACACACAACACACACAACACAACACACAACAAAE
44	CCCCACCACACACCACACCACACACACCACACACCACACACACACACACAACCACACACACACACACAACCAACAACAADAEAE
44	CCCCACCACACCACCACACCACACACCACACACACACACACACACCACACACACACACACACACACCAAABACACACAAABABE
44	CCCCACCACCACACCACACCAACAACACCACACACCAAACACCACACACACDEACCACACACACAACCACACACACAACAAAAE
44	CCCCACCACCACACCACACCACACCACACACAAACCACACACCACACADECACACACACCACACAACACACAACAACAACAAAE
44	CCCCACCACCACACCACACCACACCACACACCACACACCAACACCACAACACACACAACCAACACACAACACACAACDEADEAE
44	CCCCACCACCACACCACACCACACCACACACCACACACCACACACACACACACCAAACACACAACACAACAACDEACAACAAAE
44	CCCCACCCACCACCACCACACACCACACACACCAACCACACACACCAACACAACCAACACACAACACAACAACAACAAACAAAE
45	CCCACACCACCACACACCACAACACACACCACAACACACACCACAACACACACCACAACACACACCACAACACACACCACAABABE
45	CCCACACCACCACACACCACACCACACACACCACACAACACACACACCACACAACACACACACCACACAACACADECACACAABAE
45	CCCACACCACCACACACCACACCACACACACCACACACCACACACACACCACACACAACACACACACACCACACACAABABABABE
45	CCCACCACACCACACCACACACCACACACCACACACACCACACACACACACACAACACACACAACACACAACACACAACACAAABE
45	CCCACCACCACACACCACACCACACACACCACACACCACACACACACCACACACACCACACACACACACACACACAAAABABABAE
45	CCCACCACCACCACACCACACACACCACAACCACACACACACACAACCACACACACACACAACCACACACACACACAAACAAADEE
45	CCCACCACCACCACACCACACCACACACACACCACACACCAACACACACACCACACAACCAACACACACACACADECAACAADEAE
45	CCCACCACCACCACACCACACCACACCACACACACACACCACACACCACACACACACAACACACACAACACACAACAAACADEAAE
45	CCCACCACCACCACACCACACCACACCACACACCAACACCACACACCACACACACDEACCACACACAACACACADEACACADEABE
45	CCCACCACCACCACACCACACCACACCACACACCACACACCAACACACAACACCACACACACCAACACAACACCADEACAAADAEE
45	CCCACCACCACCACACCACACCACACCACACACCACACACCAACACCACAACACACACAACCAACACACAACACACAACDEADEAE
45	CCCACCACCACCACACCACACCACACCACACACCACACACCACACACACACACACACACAACAACACACACAAACACAAACAADEE
45	CCCACCACCACCACACCACACCACACCACACACCACACACCACACACACACACACACACAACCAACACACACAACAADECAADEAE
45	CCCACCCACCACCACACACACACCACACCACACACACACACCAACACCACACAACACACACDEACCACACAACACACAAACADEAE
45	CCCACCCACCACCACACACCACACCAACCACACACACACACACAACCACACACACACACACAACACACACAACACACAACAAAABE
45	CCCACCCACCACCACACACCACACCACACCACACAACCACACACACACACACACAACCACAACACACACACAAACCACAAABABAE
45	CCCACCCACCACCACACACCACACCACACCACACAACCACACACCACACACCACACAACCAACACACADEACACADECAACADEAE
45	CCCACCCACCACCACACACCACACCACACCACACACACCAACACCACACAACACACACACCAACACCACACAAACACAADBEABAE
45	CCCACCCACCACCACACACCACACCACACCACACACACCACACAACACACACACACACACCACAAACACACACACAAACADEADEE
45	CCCACCCACCACCACACCAACAACACCACACACCAAACACCACACACACDEACCACACACACAACCACACACACAACACAACAAAE
45	CCCACCCACCACCACACCAACAACACCACACACCAAACACCACACACACDEACCACACACACAACCACACACACAACCAACAADEE
45	CCCACCCACCACCACACCAACACACACCACAACCAACACACACCACAACCAACACACACCACAACCAACAACACACAACCAAABAE
45	CCCACCCACCACCACACCACACACACACCACACACCACACACACACACACACAACCAACACACAACACACAACCAACACAADAEAE
45	CCCACCCACCACCACACCACACACCACACACACACCACACACACACACACACAACCACAACACACACAACAACCACAABABACAAE
45	CCCACCCACCACCACACCACACACCACACCACACACCACACACACACACAACACACACACAACACACACAACACAACAAACADEAE
45	CCCACCCACCACCACACCACACACCACACCACACACCACACACACACACAACACACACCAAACACACACAACACACADEACADEAE
45	CCCACCCACCACCACACCACACACCACACCACACACCACACACACCACACACACACACACCAACAACAACACAAACADECAAAABE
45	CCCACCCACCACCACACCACCACACCACACCACACACAACCACACACCAAACCACACACAACCAACAACDECAACAAACCAAABAE
45	CCCCACCACACCACCACACCACACACCACACACACACACACAACCACACACACACACACAACACACAACACAACAACACAACAAAE
45	CCCCACCACACCACCACACCACACACCACACACACACCACACACACCACACACACACACACACACAACACAACAACAAACADEAAE
45	CCCCACCACCACACCACACACACCACACACCACACACACACCACAACACACACACAACACCACAACACACACAACACCADEABABE
45	CCCCACCACCACACCACACCAACCACACACCACACACCAACCAACACACCACAACACCAACCAACACACCADEACCAACDEAADEE
45	CCCCACCACCACCACCACACCACACACACACACACACACCACACACAACACACACACACACACACAACACAACAACAACAACAAAE
45	CCCCACCACCACCACCACACCACACACACCACACACACACACACACAACCACACACACACAACACAACACAACACACAACAADEAE
45	CCCCACCACCACCACCACACCACACCACACACACACACACACAACCACACACACACACACACAACACACAACAACACAAACAAAAE
45	CCCCACCACCACCACCACACCACACCACACACACACACACCACACACCACAACACAACACACCAAACACACAACAACAACDEAAAE
45	CCCCACCACCACCACCACACCACACCACACCAACCACACACCAACACACAACCAACACACACACAACACAACCAAACACAAADEBE
46	CCCACACCACCACACACCACACCACACACACCACACACACACACAACCACACACACACACAACACACACAACACAACACACAACAAAE
46	CCCACACCACCACACACCACACCACACACACCACACACCACACACACACACACAACCACACACACACACACAACCAACAACAADAEAE
46	CCCACCACACCACACACACACCACAACACACACCACAACACACACCACAACACACACCACAACACACACCACAACACAACACAACAAE
46	CCCACCACACCACACCACACACCACACACACACACACCACACAACACACACACCACACAACACACAACACACAACACAACACAACAAE
46	CCCACCACACCACACCACACACCACACACACACACACCACACAACACACACACCACACAACACACACACCACACAACACACAAABABE
46	CCCACCACACCACACCACACACCACACACCACACACACCACACACACCACACACACACCACACACACACACACACACAAABABABABE
46	CCCACCACCACCACACCACACCACACCACACACCACACACACACACCACACAACCACACACACACACAACACAACAACAAACADEAAE
46	CCCACCCACCACCACACACCACACCAACCACACAACCACACACCAACCACACAACACACACACCAACCACACAAACACACADEABABE
46	CCCACCCACCACCACACACCACACCACACCACACAACCACACACACACACACACAACCACAACACACACACAAACCACAACAAADEBE
46	CCCACCCACCACCACACACCACACCACACCACACAACCACACACACACACCACACAACCACACACAACACAACACAACCADEAABAAE
46	CCCACCCACCACCACACACCACACCACACCACACACACCAACACCACACACCACAACACACCAACAACACACAACAACACADBEABAE
46	CCCACCCACCACCACACACCACACCACACCACACACACCACAACCACACACCACACACAACCACAACCADEABCACAADECACAAABE
46	CCCACCCACCACCACACCACACACACACCACACACCAACACACACACCACACAACCAACACAACACACACAACCAACAACAADECAAE
46	CCCACCCACCACCACACCACACACACACCACACACCACACACACACACCACACACACCAACACACAACAACACADECAACACAAABAE
46	CCCACCCACCACCACACCACACACCACACCACACACCACACACACACACAACACAACCACAACACACACAACAACCACAABABACAAE
46	CCCACCCACCACCACACCACACACCACACCACACACCACACACACCAACACACACACACDEACACACCAACACAACACAAACADEAAE
46	CCCACCCACCACCACACCACCACACCACACCACACACCACAACACAACACACACACAACCACAACAACACACAAACCACAAACADEAE
46	CCCACCCACCACCACACCACCACACCACACCACACACCACAACACAACACACACACAACCACAACAACACACACAACCACAAABABAE
46	CCCACCCACCACCACACCACCACACCACACCACACACCACACACACACCACACACACACACACACAAACAACCAACAAACAADABEAE
46	CCCCACCACACCACACACACAACCACACACACAACCACACACACAACCACACACACAACCACACACACAACCACACACACAACAAAAE
46	CCCCACCACACCACCACACCACACACACACCACACACACACACACACACCACACACACACACACAACACACACACAAACACAAAABAE
46	CCCCACCACACCACCACACCACACACACACCACACACCACAACACACACCAACAACCACAACACACACCAAACCACAACAACADEABE
46	CCCCACCACACCACCACACCACACACCACACCACACACCACACACACACACACACACACACACACAACACACAAACACAAACAAADEE
46	CCCCACCACCACACCACACCACACCACACACCACACACCAACACCACAACACCACACACACAACACCACAAACACACACAAABABABE
46	CCCCACCACCACCACCACACCACACCACACACACACACACACAACCACACACACACACACACAACACACAACAACACAAACACAAABE
46	CCCCACCACCACCACCACACCACACCACACACACCACACACCACAACACAACACACCACAACACCACAACAACAACCAAAABCAAAAE
46	CCCCACCACCACCACCACACCACACCACACCAACCACACACCAACACCAACACCAACACACACACAACACAAACCAAACACAAADEBE
47	CCCACACCACCACACACCACACCACACACACCACACACCACACACACACCACACACAACACACADECACACACAACACAACACACAABAE
47	CCCACCACCACACACCACACCACACACACACACACCACACACACACACACACCACACACACACACACACACCACACADEACAACAAAABE
47	CCCACCACCACCACACACACCACACACACACACACCACACACACACACACACCACACACACACACACACACCACACADEACACAAAABAE
47	CCCACCACCACCACACCACACCACACACACACCACACACCACACACACACACCAACACACCACACACACACAACCAACAAACAADABEAE
47	CCCACCACCACCACACCACACCACACCACACACCACACACCACACACCACACACACACACAAACACACAACACACACACADEACAAADEE
47	CCCACCCACCACCACAACCACACCAACCACAACACACACCAACCACAACACACACCAACCACAACACACACCAACCACAAACACADEABE
47	CCCACCCACCACCACACACCACACCAACCACACACACCACACACCAACCACACACACACCACACACACCAACCADEACAACDEADEDEBE
47	CCCACCCACCACCACACACCACACCACACCACACAACCACACACCACACACCACACAACCACAACAACACACAACAAACCACAAABABAE
47	CCCACCCACCACCACACACCACACCACACCACACACACACACACACACACACACAACACACACACACACACACAACACAACAAACAAAAE
47	CCCACCCACCACCACACCAACACCACACCACACACCAACACCACAACCACACACACCAAACCACAACCAACACACADECACAABCAAAAE
47	CCCACCCACCACCACACCACACACACACCACACACCACACACACACACACACAACCACACACACACACACACAACCAACAAACAADAEAE
47	CCCACCCACCACCACACCACACACACACCACACACCACACACACACACCACACACACAACACACAAACCACAACACAACADECACAABAE
47	CCCACCCACCACCACACCACCACACCACACCACACAACACCACACACCACAACCACACAACAACACACACADECACACAAACACADEABE
47	CCCACCCACCACCACACCACCACACCACACCACACACAACCACACACACACACACACACAACCAACACAACAACACAAACCAACAAADEE
47	CCCACCCACCACCACACCACCACACCACACCACACACAACCACACACACACACACACACAACCACACAACACACAACACAAACADEADEE
47	CCCACCCACCACCACACCACCACACCACACCACACACACACACACAACACAACACACACACACACAACAACACACACACACAAACAAAAE
47	CCCACCCACCACCACACCACCACACCACACCACACACACACACACAACACACACACACACACACACAACACAACACACAACAAACAAAAE
47	CCCACCCACCACCACACCACCACACCACACCACACACACACACACACACAACCACACACACACACACACACAACCADEACAACAAADEBE
47	CCCACCCACCACCACACCACCACACCACACCACACACACACACACACACACAACACACACACACACAACACAACAACACAACAACAAABE
47	CCCACCCACCACCACACCACCACACCACACCACACACACACCACACAACACACACACAACACACCACACAACACACADEAABCACAAABE
47	CCCACCCACCACCACACCACCACACCACACCACACACACACCACACACCACAACACACAACACACCAACAADCACAACACAACADEAAEE
47	CCCACCCACCACCACACCACCACACCACACCACACACCACAACACAACACACACACAACCACAACAACACACACAACCACAAACADAEAE
47	CCCACCCACCACCACACCACCACACCACACCACACACCACAACACAACACACCACACACACCACAACAACACACCADEACAACAAADEBE
47	CCCACCCACCACCACACCACCACACCACACCACACACCACAACACACACACAACACAACCACAACACACACAACAACCACAABABACAAE
47	CCCACCCACCACCACACCACCACACCACACCACACACCACACACACACCACACACACACACACACAAACACAACACAAACAACADEAABE
47	CCCCACCACACCACACACCACACACCACACACACACACACACCACACACACACACACACACCACACACAACACACACAACAACADEAABE
47	CCCCACCACCACACCACACCAACCACACACCACACACCAACCACACAACACACACACCAACCACACAACACACACADECACACAAABABE
47	CCCCACCACCACACCACACCACACACACACCACACACCACACACACACACACACAACCACACAACACACACACAACCAACAACAADAEAE
47	CCCCACCACCACACCACACCACACCACACACCACACACCACAACCAACACACACACAACCACAACCAACACACACAACCAAACAAADAEE
47	CCCCACCACCACCACCACACCACACACACCACACCACACACACACACACACACACACACACAACAACACACAACAACACAAACACAAABE
47	CCCCACCACCACCACCACACCACACCACACACACACACACACAACCACACACACACACACACAACCACACACAACACACADEACAADEAE
47	CCCCACCACCACCACCACACCACACCACACACACCACACACCAACACACACAACACACACACACAACACACAACAACACAAACACAAABE
47	CCCCACCACCACCACCACACCACACCACACACACCACACACCACAACCACACAACACACACAACACAACACACAACAACAACAAACAAAE
48	CCCACACCAACACACCAACACACCAACACACCAACACACCAACACACCAACACACCAACACACCAACACACCAACACACCAACACACCAABE
48	CCCACACCACCACACACCACAACACACACCACAACACACACCACAACACACACCACAACACACACCACAACACACACCACAACADECACAAE
48	CCCACACCACCACACACCACACCACACACACCACACAACACACACACCACACAACACACACACCACACAACACACACACCACACAABABABE
48	CCCACACCACCACACACCACACCACACACACCACACAACACACACACCACACAACACACACACCACACAACACADECACACAACAACACAAE
48	CCCACACCACCACACACCACACCACACACACCACACACCACACACACACCACACACACCACACACACACACCACACACACAABABABABABE
48	CCCACCACACCACACCACACACCACACACCACACACACCACACACACACACACAACACACACAACACACAACACACAACACAACACAACAAE
48	CCCACCACCACCACACCACACCACACACACACCACACACACACACACACACCACACACACACACACACACACACACACAAACACAADEABAE
48	CCCACCACCACCACACCACACCACACACACACCACACACCACACACACACACACACACACCACACACACACACAACACAAACAACADEAABE
48	CCCACCACCACCACACCACACCACACACACACCACACACCACACACACACACCACACACACCAACACACAACAACACADECAACACAAABAE
48	CCCACCACCACCACACCACACCACACCACACACCACACACACACACACACACACCACACACACACACAACAACACCACAABABACACAAABE
48	CCCACCACCACCACACCACACCACACCACACACCACACACCACAACCAACACACACACAACCACAACCAACACACACAACCAAACAAADAEE
48	CCCACCCACCACCACACACACACCACACCACACACACACACCACACACCACACACACACACAACACACAACACACACAACAACACAAABABE
48	CCCACCCACCACCACACACCACACACACCACACACACCACACACACACCAACACACACACACACACACACCAACACACADEACAACAAAABE
48	CCCACCCACCACCACACACCACACCAACCACACAACCACACACCAACCACACAACACACACACDECACACAACACACACAACACAAACADEE
48	CCCACCCACCACCACACACCACACCAACCACACACACCACACACCAACCACACACAACCACACACACDECACACACAAACACACADEABABE
48	CCCACCCACCACCACACACCACACCACACCACACAACCACACACACACACACACAACCACACACACACACACACAACAACAACAAACAAAAE
48	CCCACCCACCACCACACACCACACCACACCACACAACCACACACCACACACCACACAACCACAACAACACACAACACAACCACAAABABAAE
48	CCCACCCACCACCACACACCACACCACACCACACAACCACACACCACACACCACACAACCACACAACCADEACCAACAACCACAAABDEBAE
48	CCCACCCACCACCACACACCACACCACACCACACACACCAACACCACACACCACAACACACCAAACCACACACACCAAACAACDEDEADEBE
48	CCCACCCACCACCACACACCACACCACACCACACACACCACACACCACACACCACACACACACCAADECACACACACDEAACACADBEABAE
48	CCCACCCACCACCACACCACACACCACACACACACCACACACACCACACACACACACACAACAACCACACACACACACACAAABCADEADEE
48	CCCACCCACCACCACACCACACACCACACCACACACCAACACACCACACACCACADECAACACACACACACACCACAAACAACACAAABABE
48	CCCACCCACCACCACACCACACACCACACCACACACCAACACACCACACACCACADECAACACACCACACAACACAAACACACAACAADEAE
48	CCCACCCACCACCACACCACACACCACACCACACACCACACACACAACACCACACACACCAACACACAACAACACADECAACACAAACAAAE
48	CCCACCCACCACCACACCACACACCACACCACACACCACACACACACACAACACACACCACAACACACACAACACACACAAACACADEABAE
48	CCCACCCACCACCACACCACACACCACACCACACACCACACACACCAACACACAACACCACAACACACCAACACAACACCADEACAAADAEE
48	CCCACCCACCACCACACCACACACCACACCACACACCACACACACCACAACCAACACACCACACACACACCAAACCAAACACDEADEABDEE
48	CCCACCCACCACCACACCACCACACCACACCACACACAACCACAACCACACACCAACACAACCAAACCACACACACCAAAABDECACAAABE
48	CCCACCCACCACCACACCACCACACCACACCACACACACACACACACACAACCACACACAACACACACADECACACACAACACACAAABABE
48	CCCACCCACCACCACACCACCACACCACACCACACACACACACACACACAACCACACACACAACACACAAACCACAACACAACADECAAAAE
48	CCCACCCACCACCACACCACCACACCACACCACACACACACACACACACAACCACACACACACACACACACAACCAACAACAAACADAEAAE
48	CCCACCCACCACCACACCACCACACCACACCACACACACACCACACACACACACCACAAACACACACAACACAACACADEACACAACAADEE
48	CCCACCCACCACCACACCACCACACCACACCACACACCACACACACACACACACACACAACACAACACACAACAACACAACAACACAAABAE
48	CCCACCCACCACCACACCACCACACCACACCACACACCACACACACACCACACACACACACACCACAAACACAACACAAACADECADEAABE
48	CCCCACCACACCACACACACAACCACACACACAACCACACACACAACCACACACACAACCACACACACAACCACACACACAACACAACAAAE
48	CCCCACCACACCACACACACAACCACACACACAACCACACACACAACCACACACACAACCACACACACAACCACACACACAACCAACAADEE
48	CCCCACCACACCACACACACACACCACACACACACACACCACACAACACACACACCACACAACACACAACCACACAACACAACCAACAADEE
48	CCCCACCACACCACACACACACACCACACACACACACACCACACAACACACACACCACACAACACACACACCACACAACACACAACAADEAE
48	CCCCACCACACCACACACCACACACCACACACACCACACACACCACACACACACACACACAACACACACACAACACACAACACAACAAADEE
48	CCCCACCACACCACACACCACACACCACACACACCACACACACCACACACACACACACACAACCAACACAACACACACAACAACAAACAAAE
48	CCCCACCACACCACCACACCACACACCACACACACACACACAACCACACACACACACACAACCACACACACACACACAACAACAAACAAAAE
48	CCCCACCACACCACCACACCACACACCACACACACACCACACACACCAACACAACACCACACACACACCAACAACACACAAACAACAAAABE
48	CCCCACCACACCACCACACCACACACCACACCACACACCACACACACCAACACACACACACACAACACACCAAACACACACAAACAADBEAE
48	CCCCACCACACCACCACACCACACACCACACCACACACCACACACACCACACACACACACACACACACAACACACAAACACAAACADEADEE
48	CCCCACCACACCACCACACCACACACCACACCACACACCACACACACCACACACACACACACACACACAACCAAACACAAACACAAAABDEE
48	CCCCACCACCACACCACACACACCAACACCACAACACACCAACACCACAACACACCAACACCACAACACACCAACACCACAACACADBEABE
48	CCCCACCACCACACCACACCACACCACACACCACACACCAACACCACACACACCACAACACCAACACAACACAACACAACACDEAACAAAAE
48	CCCCACCACCACCACCACACCACACAACCACACACACACCACACAACCAACACACACACACACAACCAACACACACACAAACCAACAAADEE
48	CCCCACCACCACCACCACACCACACAACCACACCACACACCACACAACCACACACACACACACACACAACCACAACAACACAACAAABBABE
48	CCCCACCACCACCACCACACCACACACACACACCACACACCACACACAACACACCACAACACACACACAACAACCACAACACAACAAABBAE
48	CCCCACCACCACCACCACACCACACACACCACACACACACCACACACACACCACACAACACACCACAACAACACACAAACACACAAAABABE
48	CCCCACCACCACCACCACACCACACCACACACACACACACACAACCACACACACACACACACAACACACAACACACACACAACACAAAABAE
48	CCCCACCACCACCACCACACCACACCACACACACACACACACAACCACACACACACACACACAACCACACACAACACACADEACACADEABE
48	CCCCACCACCACCACCACACCACACCACACACACACACACACAACCACACACACACACACACAACCACACACAACACACADECAACAAAABE
48	CCCCACCACCACCACCACACCACACCACACACACACACACCACACACCACAACACAACACACACACAACCACAACAACACAADECACAAABE
48	CCCCACCACCACCACCACACCACACCACACACACCACACACACACACCAACACAACCACACACACACAACCAACAACACAAACADECAAABE
48	CCCCACCACCACCACCACACCACACCACACACACCACACACCACAACCACACAACACACACACACADECACACAACAACACAAACACAAABE
49	CCCACCACACCACACACACACCACAACACACACCACAACACACACCACAACACACACCACAACACACACCACAACACACACCACAACACAAABE
49	CCCACCACCACCACACCACACCACACACACACCACACACCACACACACACACACACAACCAACACACAACACACAACCAACACAACACAABDEE
49	CCCACCACCACCACACCACACCACACACACACCACACACCACACACACACACACACAACCACACACACACACACACAACCAACAAACAADAEAE
49	CCCACCACCACCACACCACACCACACACACACCACACACCACACACACACACCACACACAACACACACADECACACACAACACACAAACADEAE
49	CCCACCACCACCACACCACACCACACCACACACCACACAACACACCACACAACCACACAACAACCACACAACCACACAAACCACACAABABABE
49	CCCACCACCACCACACCACACCACACCACACACCACACACACACACACACAACACACACACACACACACAACACACACACACACACAAABABAE
49	CCCACCACCACCACACCACACCACACCACACACCACACACCAACACCACAACACCACACACACAACACACAAACCACACACACAACADEDEABE
49	CCCACCACCACCACACCACACCACACCACACACCACACACCAACACCACAACACCACACACACCAACACCACAACACACACACAAAABABABAE
49	CCCACCACCACCACACCACACCACACCACACACCACACACCACACAACACACACACACAACCACACAACACACACACAACCAACAACAADAEAE
49	CCCACCCACCACCACACACCACACACACCACACACACCAACACACACCACACAACACCAACACACACCACACAACACCAACAACAACADEABBE
49	CCCACCCACCACCACACACCACACCACACCACACAACCACACACACACACACACAACCACAACACACACACAAACCACAACACACADECAAAAE
49	CCCACCCACCACCACACACCACACCACACCACACAACCACACACACACACACACAACCACAACACACACACAAACCACAACACACADECAAABE
49	CCCACCCACCACCACACACCACACCACACCACACAACCACACACCACACACCACACAACCACAACACACACACACACAAACCACAAAABABAAE
49	CCCACCCACCACCACACACCACACCACACCACACAACCACACACCACACACCACACAACCACACACAACACACAACACAACCACAAAABABAAE
49	CCCACCCACCACCACACACCACACCACACCACACACACCACAACCACACACCACACACAACCACAACCADEABCACACACAACCACAAABABAE
49	CCCACCCACCACCACACCAACAACACCACACACCAAACACCACACACACDEACCACACACACAACCACACACACAACCACACACACAACAAAAE
49	CCCACCCACCACCACACCAACACCACACCACACACCAACACCACACAACACACACCAACACCACACAACACACACCAABACCACACAABABABE
49	CCCACCCACCACCACACCACACACACACCACACACCAACACACACACCACACAACCAACACAACACACACAACCAACAACACACAACCAAABAE
49	CCCACCCACCACCACACCACACACACACCACACACCACACACACACACACACAACCACACACACACACACACAACCACAACACAACADAEADEE
49	CCCACCCACCACCACACCACACACACACCACACACCACACACACACACCACACACACCAACACACACACACACACADECAACACACAAABABAE
49	CCCACCCACCACCACACCACACACCACACCACACACCACACACACCACACAACACACACCACACACACACCAACAACAACACDEADEABCAAAE
49	CCCACCCACCACCACACCACCACACCACACCACACACAACCACACACACACACACACADECACACACACACACACACAACACAACAAACAAAAE
49	CCCACCCACCACCACACCACCACACCACACCACACACACACCACACACCACAACACACAACACAACACACAACAACACAACAACACAAACAAAE
49	CCCACCCACCACCACACCACCACACCACACCACACACACACCACACACCACAACCACACACACAACACADECACAACCADEACAACAACAABBE
49	CCCACCCACCACCACACCACCACACCACACCACACACACACCACACACCACACAACACACACACACCADEACCACACAACAACAAACDEDEAAE
49	CCCACCCACCACCACACCACCACACCACACCACACACCACAACACAACACACCACACACACCACAACAACACACAACAAACCACAAACADAEAE
49	CCCACCCACCACCACACCACCACACCACACCACACACCACACACACACACACACACACAACACAACACACAACAACACAACAACACAAACAAAE
49	CCCCACCACACACCACACCACACACACCACACACACACACACACCACACACACACACACACACCACACACAACACACACAACACACADEABABE
49	CCCCACCACACCACACACCACACACCACACACACCACACACACCACACACACACCACAACACACCAACACAACACACAACAACCAACAADABEE
49	CCCCACCACACCACCACACCACACACCACACACACACACACACACCACACACACACACACACACACACACAACACAACACAACACAAACAAAAE
49	CCCCACCACCACACCACACCACACACACACCACACACCACACACACACACCACACACACACACACACACAACACACACAACAACACAAAABABE
49	CCCCACCACCACACCACACCACACCACACACAACACCACACACCACACACAACACACACACACCACACACAACAACACAACAACACAAACAAAE
49	CCCCACCACCACCACCACACCACACACACCACACACACACCACACACACACCACACAACACACACACAACACACCACAAACACACADEABABAE
49	CCCCACCACCACCACCACACCACACACACCACACCACAACCAACACACACACACACACAACCAACACACACACACACAACCAACAACAAADEBE
49	CCCCACCACCACCACCACACCACACACACCACACCACACACCAACACACACCAACACACACACACDEACACACCAACACAACACAAACADEAAE
49	CCCCACCACCACCACCACACCACACCACACACACACACACACAACCACACACACACACACACAACCACACACAACACACADECAACAAACAAAE
49	CCCCACCACCACCACCACACCACACCACACACACACACACACACACCACAACACACACACACACAACCACAACACACACAACAACCADEABABE
49	CCCCACCACCACCACCACACCACACCACACACACACACACCACACACCACAACACAACACACACACAACCACAACAACACACAAACACAAABAE
49	CCCCACCACCACCACCACACCACACCACACACACCACACACCACAACCACACAACACCACAACACCADECACACAACACCADEABCAACAAABE
49	CCCCACCCACCACCACCACACACCACACACACCAACCACACACACCACACACACACCAACACACAACACACAACAACACAACAAACACAAABAE
50	CCCACACCACCACACACCACACCACACACACCACACACCACACACACACCAAACACCACACACACACACDEACCACACACACACACAACADEADEE
50	CCCACACCACCACACACCACACCACACACACCACACACCACACACACACCAAACACCACACACACACACDEACCACACACACACACAACDEAAABE
50	CCCACACCACCACACACCACACCACACACACCACACACCACACACACACCACACACAACACACADECACACACAACACAACACACAACAACACAAE
50	CCCACCACACCACACCACACACCACACACCACACACACCACACACACACACACACACCACACACAACACACACAACACACACAACACACAAABABE
50	CCCACCACACCACACCACACACCACACACCACACACACCACACACACCACACACACACCACACACACACACACACACAACACAAACAACADEAABE
50	CCCACCACCACACACCACACCACACACACCACACACCACACACACACCACACACACCACACACACACACACACACAAACACACACADEACADEAAE
50	CCCACCACCACCACACCACACCAACCACACACCACACACCAACCACACACACCACACACACCAACCAACACACACACACACAAAABCAACADEABE
50	CCCACCACCACCACACCACACCACACACACACCACACACCACACACACACACACACAACCAACACACAACACACAACCAACACAACACAABCAAAE
50	CCCACCACCACCACACCACACCACACACACACCACACACCACACACACACACCACACACACCAACACACAACACACACACAACAACACAAAABABE
50	CCCACCACCACCACACCACACCACACACACACCACACACCACACACACACACCACACACACCACACACACACACAACACADECAAACACAAAABAE
50	CCCACCACCACCACACCACACCACACCACACACCAACACCACACACCACACACACCAACACCACACACAACACACACACDEABCACACADEABABE
50	CCCACCACCACCACACCACACCACACCACACACCACACACCACACACACACACACACACAACCAACACACACAACACACAACAACAACAAACAAAE
50	CCCACCCACCACCACAACCACACCACACCACAACCACACACACACACACAACCACACACACACACACAACCACACACACACACACAAACADEADEE
50	CCCACCCACCACCACACACACACCACACCACACACACACACCAACACCACACAACACACACCAACACCACACAACACACACDEACACADEACADEE
50	CCCACCCACCACCACACACCACACCACACCACACAACCACACACACACACACACAACCACAACACACACACAAACCACAACACACADECACAAABE
50	CCCACCCACCACCACACACCACACCACACCACACAACCACACACCACACACCACACAACCACACACACCADEACCACACAACCACAAAABDEBAAE
50	CCCACCCACCACCACACACCACACCACACCACACACACCACACACACACACACACACAACCACACAACACACAACACAACCACAAACACAAAABAE
50	CCCACCCACCACCACACACCACACCACACCACACACACCACACACACACACACACACAACCACACACACACACACACACAACCADEACAAADABEE
50	CCCACCCACCACCACACACCACACCACACCACACACACCACACACCAACACCACACACAACCACAACACCAACAACACACAACCAAAABCAAAABE
50	CCCACCCACCACCACACACCACACCACACCACACACACCACACACCACACACCACACACACACCADEACCACACACACCADEACAACDEDEADEBE
50	CCCACCCACCACCACACCAACACACACCACAACCAACACACACCACAACCAACACACACCACAACCAACACACACCACAACCAACAACAADECAAE
50	CCCACCCACCACCACACCAACACCACAACACACCAACACCACAACACACCAACACCACAACACACCAACACCACAACACACCAABACCACAABABE
50	CCCACCCACCACCACACCACACACACACACACACCACACACACACACACACACCACACACACACACACACAACCAACAACACAACAAACCAAABAE
50	CCCACCCACCACCACACCACACACACACACACACCACACACACACACACACACCACACACACACACACACACACCAACACAAACACAADECAADEE
50	CCCACCCACCACCACACCACACACCACACACACACCACACACACACACACACACACCACAACACACACAACACAACCACAACACACAACAADBAEE
50	CCCACCCACCACCACACCACACACCACACCACACACCACACACACACAACCACACACACCAACACACACAACCACACADECAACACADEACAAAAE
50	CCCACCCACCACCACACCACACACCACACCACACACCACACACACCACACAACACACACCAACAACACCACACAACACACACCAAABABCAADEAE
50	CCCACCCACCACCACACCACCACACCACACCACACACACACACACACCACAACACACACACACACAAACCACAACACACACACADECACAAABABE
50	CCCACCCACCACCACACCACCACACCACACCACACACCACAACACAACACACACACAACCACAACAACACACACAACCACAAACACACAACADEAE
50	CCCACCCACCACCACACCACCACACCACACCACACACCACAACACACACACACCACACAACCACAACACAACACAACADECACAACAACAAACAAE
50	CCCACCCACCACCACACCACCACACCACACCACACACCACACACACACACACACACACAACACAACACACACAACACACAACAACAACAAACAAAE
50	CCCACCCACCACCACACCACCACACCACACCACACACCACACACACACACACACCACACACACACAACACACAACAACCAACAACAAACADAEAAE
50	CCCCACCACACACCACACACACACACCACACACACACACACCACACAACACACACACCACACAACACACAACCACACAACACAACACACAACAAAE
50	CCCCACCACACACCACACACACACACCACACACACACACACCACACAACACACACACCACACAACACACACACCACACAACACACAACACADEABE
50	CCCCACCACACCACACACCACACACCACACACACCACACACACCACACACACACCACACACACACCAACACAACACACAAACAACCAACAADABEE
50	CCCCACCACACCACCACACCACACACCACACACACACACACAACCACACACACACACACAACCACACACACACACACAACACAACACAACAAADEE
50	CCCCACCACACCACCACACCACACACCACACACACACCACACACACCACACACACACACCACAACACACCACAACAACACACADEAABCACAAABE
50	CCCCACCACACCACCACACCACACACCACACCACACACCACACACACACACACACACACACACACACACACACAAACACAACACAACACADEAABE
50	CCCCACCACCACACCACACCAACAACACCACACACCAAACACCACACACACDEACCACACACACAACCACACACACAACCACACACACAACAAAAE
50	CCCCACCACCACACCACACCACACCACACACCACACACACACACACACAACCACACACACACACACACAACCACACACACAACACADEACAAADEE
50	CCCCACCACCACACCACACCACACCACACACCACACACCAAACCACACACACCACACACACDECACACACAACACACACAAACACACAAACADEAE
50	CCCCACCACCACCACCACACCACACACACCACACACACACCACACACAACCACACACACACACACACACAACCAACACAACAACAACAACDEAAAE
50	CCCCACCACCACCACCACACCACACACACCACACACACACCACACACACACCACACAACACACACACACACAACCACAAACACAACAADECADEAE
50	CCCCACCACCACCACCACACCACACACACCACACCACAACCACACACACACCACACACCACAACACACAACAACACAACACAAACACAAACAADEE
50	CCCCACCACCACCACCACACCACACCACACACACACACACACAACCACACACACACACACACAACCACACACAACACACADECACAACAACAAAAE
50	CCCCACCACCACCACCACACCACACCACACACACACACACACAACCACACACACACACACACAACCACACACAACACACADECACAACAACAAABE
50	CCCCACCACCACCACCACACCACACCACACCAACCACACACCAACACCACACACDECACACACACDEACCACACACAACACACADEACACADEABE
50	CCCCACCCACCACCACCACACACCAACCACACCAACCACACACACCAACACACACCAACCACACAACACCAACACAACDECAACAACACAAAABAE
50	CCCCACCCACCACCACCACACACCACACACACCACACACACACACCAACACACACCACACACAACACACCAACAACACACAACAACACADBEABAE
50	CCCCACCCACCACCACCACACACCACACCAACCACACCACACACACACACACAACCACAACCAACACACACAACAACCAAACCAAACACAAADEBE
50	CCCCACCCACCACCACCACACCACACACACACACACACACACCACACACACACACACACACACACCAACAACACACAACAACAACCAAABACAAAE
8	CCCACACCAABE
